{"stats":{"minecraft:mined":{"minecraft:hay_block":3,"minecraft:cactus":6,"minecraft:red_bed":1,"minecraft:barrel":1,"minecraft:fire":6,"minecraft:wheat":28,"minecraft:tnt":9,"minecraft:fletching_table":1,"minecraft:crafting_table":5,"minecraft:short_grass":1,"minecraft:oak_log":4,"minecraft:dead_bush":8,"minecraft:sand":1,"minecraft:oak_planks":3,"minecraft:stone":10,"minecraft:sugar_cane":8,"minecraft:composter":2,"minecraft:oak_leaves":2},"minecraft:crafted":{"minecraft:oak_planks":16,"minecraft:stick":4,"minecraft:wooden_pickaxe":1,"minecraft:stone_pickaxe":1,"minecraft:stone_sword":1,"minecraft:bucket":1,"minecraft:stone_axe":1},"minecraft:dropped":{"minecraft:wheat_seeds":49},"minecraft:killed":{"minecraft:iron_golem":1},"minecraft:picked_up":{"minecraft:stick":6,"minecraft:crafting_table":5,"minecraft:wheat":26,"minecraft:composter":2,"minecraft:sand":1,"minecraft:oak_log":4,"minecraft:barrel":1,"minecraft:red_bed":1,"minecraft:tnt":9,"minecraft:cactus":8,"minecraft:rotten_flesh":2,"minecraft:wheat_seeds":126,"minecraft:hay_block":3,"minecraft:iron_ingot":3,"minecraft:fletching_table":1,"minecraft:sugar_cane":17,"minecraft:oak_planks":3,"minecraft:cobblestone":10},"minecraft:used":{"minecraft:wheat_seeds":28,"minecraft:stone_sword":14,"minecraft:stone_pickaxe":3,"minecraft:oak_planks":3,"minecraft:bread":1,"minecraft:map":1,"minecraft:wooden_pickaxe":7,"minecraft:rotten_flesh":4,"minecraft:stone_axe":4,"minecraft:sand":12,"minecraft:crafting_table":4},"minecraft:custom":{"minecraft:time_since_rest":6012,"minecraft:sprint_one_cm":58215,"minecraft:walk_one_cm":17749,"minecraft:mob_kills":1,"minecraft:drop":1,"minecraft:damage_dealt":940,"minecraft:fly_one_cm":106370,"minecraft:talked_to_villager":1,"minecraft:interact_with_crafting_table":5,"minecraft:open_barrel":1,"minecraft:open_chest":8,"minecraft:crouch_one_cm":1400,"minecraft:play_time":17945,"minecraft:sneak_time":777,"minecraft:jump":373,"minecraft:walk_on_water_one_cm":463,"minecraft:time_since_death":17945,"minecraft:sleep_in_bed":1,"minecraft:total_world_time":17945}},"DataVersion":3953}