{"stats":{"minecraft:picked_up":{"minecraft:stripped_oak_log":4,"minecraft:cocoa_beans":6,"minecraft:crafting_table":8,"minecraft:wheat":26,"minecraft:jungle_log":2,"minecraft:leather_leggings":1,"minecraft:smithing_table":1,"minecraft:oak_log":36,"minecraft:brewing_stand":2,"minecraft:dirt":24,"minecraft:string":2,"minecraft:red_bed":5,"minecraft:bone":1,"minecraft:wheat_seeds":131,"minecraft:iron_ingot":6,"minecraft:oak_boat":2,"minecraft:stripped_oak_wood":1,"minecraft:poppy":2,"minecraft:fletching_table":1,"minecraft:melon_slice":34,"minecraft:sugar_cane":28,"minecraft:chest":2,"minecraft:oak_planks":3,"minecraft:stick":8,"minecraft:pumpkin":23,"minecraft:composter":4,"minecraft:oak_fence":2,"minecraft:torch":7,"minecraft:dandelion":1,"minecraft:jungle_planks":9,"minecraft:sand":14,"minecraft:blast_furnace":1,"minecraft:barrel":2,"minecraft:spider_eye":1,"minecraft:tnt":9,"minecraft:stone_sword":1,"minecraft:cactus":8,"minecraft:rotten_flesh":4,"minecraft:stone_axe":1,"minecraft:hay_block":29,"minecraft:cobblestone":12},"minecraft:killed":{"minecraft:spider":1,"minecraft:iron_golem":2,"minecraft:skeleton":1,"minecraft:zombie":3},"minecraft:mined":{"minecraft:smithing_table":1,"minecraft:red_bed":5,"minecraft:dandelion":1,"minecraft:oak_fence":3,"minecraft:brewing_stand":2,"minecraft:torch":1,"minecraft:crafting_table":8,"minecraft:short_grass":29,"minecraft:blast_furnace":1,"minecraft:grass_block":12,"minecraft:melon":7,"minecraft:jungle_planks":9,"minecraft:chest":2,"minecraft:jungle_log":2,"minecraft:dead_bush":8,"minecraft:tall_grass":2,"minecraft:cobblestone":2,"minecraft:sugar_cane":13,"minecraft:oak_planks":3,"minecraft:composter":4,"minecraft:wall_torch":1,"minecraft:seagrass":1,"minecraft:hay_block":29,"minecraft:cactus":6,"minecraft:wheat":28,"minecraft:barrel":1,"minecraft:fire":7,"minecraft:spruce_log":1,"minecraft:stripped_oak_wood":1,"minecraft:pumpkin":23,"minecraft:tnt":9,"minecraft:fletching_table":1,"minecraft:oak_log":36,"minecraft:vine":2,"minecraft:dirt":13,"minecraft:sand":37,"minecraft:stripped_oak_log":4,"minecraft:stone":10,"minecraft:oak_leaves":9},"minecraft:custom":{"minecraft:mob_kills":7,"minecraft:interact_with_crafting_table":15,"minecraft:open_barrel":1,"minecraft:leave_game":2,"minecraft:time_since_death":76919,"minecraft:sleep_in_bed":4,"minecraft:climb_one_cm":816,"minecraft:time_since_rest":24841,"minecraft:sprint_one_cm":166973,"minecraft:damage_taken":723,"minecraft:walk_one_cm":75553,"minecraft:damage_blocked_by_shield":50,"minecraft:drop":21,"minecraft:damage_dealt":2867,"minecraft:swim_one_cm":9711,"minecraft:talked_to_villager":1,"minecraft:fly_one_cm":320271,"minecraft:open_chest":46,"minecraft:crouch_one_cm":3419,"minecraft:play_time":76919,"minecraft:sneak_time":5479,"minecraft:walk_under_water_one_cm":3157,"minecraft:boat_one_cm":66133,"minecraft:jump":1244,"minecraft:walk_on_water_one_cm":17891,"minecraft:total_world_time":76919,"minecraft:fall_one_cm":21628,"minecraft:horse_one_cm":455676},"minecraft:dropped":{"minecraft:stone_axe":1,"minecraft:wheat_seeds":103,"minecraft:stone_sword":1,"minecraft:wheat":2,"minecraft:rotten_flesh":2,"minecraft:book":2,"minecraft:stick":3,"minecraft:filled_map":1,"minecraft:potato":6,"minecraft:dirt":1,"minecraft:leather_leggings":1,"minecraft:barrel":1,"minecraft:sand":1,"minecraft:wooden_pickaxe":1,"minecraft:stone_pickaxe":1},"minecraft:crafted":{"minecraft:oak_planks":128,"minecraft:wooden_pickaxe":1,"minecraft:bucket":1,"minecraft:stone_axe":1,"minecraft:bread":95,"minecraft:jungle_planks":8,"minecraft:oak_boat":1,"minecraft:shield":2,"minecraft:stick":8,"minecraft:iron_pickaxe":1,"minecraft:stone_pickaxe":1,"minecraft:stone_sword":1,"minecraft:stone_hoe":1,"minecraft:wheat":261},"minecraft:used":{"minecraft:wheat_seeds":28,"minecraft:water_bucket":14,"minecraft:leather_leggings":1,"minecraft:stone_sword":56,"minecraft:stone_pickaxe":6,"minecraft:oak_planks":3,"minecraft:wooden_pickaxe":7,"minecraft:chest":2,"minecraft:shield":2,"minecraft:sugar_cane":28,"minecraft:rotten_flesh":4,"minecraft:torch":3,"minecraft:dirt":22,"minecraft:sand":13,"minecraft:crafting_table":8,"minecraft:red_bed":5,"minecraft:jungle_planks":15,"minecraft:blast_furnace":1,"minecraft:lava_bucket":9,"minecraft:iron_pickaxe":2,"minecraft:bread":21,"minecraft:map":1,"minecraft:stone_axe":101,"minecraft:smithing_table":1,"minecraft:bucket":24,"minecraft:oak_boat":2,"minecraft:dandelion":1}},"DataVersion":3953}