{"stats":{"minecraft:picked_up":{"minecraft:crafting_table":8,"minecraft:wheat":26,"minecraft:leather_leggings":1,"minecraft:smithing_table":1,"minecraft:oak_log":4,"minecraft:brewing_stand":2,"minecraft:string":2,"minecraft:dirt":6,"minecraft:red_bed":5,"minecraft:bone":1,"minecraft:wheat_seeds":131,"minecraft:iron_ingot":3,"minecraft:oak_boat":2,"minecraft:fletching_table":1,"minecraft:melon_slice":34,"minecraft:sugar_cane":21,"minecraft:chest":2,"minecraft:oak_planks":3,"minecraft:stick":8,"minecraft:pumpkin":23,"minecraft:composter":4,"minecraft:sand":13,"minecraft:jungle_planks":2,"minecraft:blast_furnace":1,"minecraft:spider_eye":1,"minecraft:barrel":2,"minecraft:tnt":9,"minecraft:stone_sword":1,"minecraft:cactus":8,"minecraft:rotten_flesh":4,"minecraft:stone_axe":1,"minecraft:hay_block":29,"minecraft:cobblestone":10},"minecraft:killed":{"minecraft:spider":1,"minecraft:iron_golem":1,"minecraft:skeleton":1,"minecraft:zombie":3},"minecraft:mined":{"minecraft:smithing_table":1,"minecraft:red_bed":5,"minecraft:brewing_stand":2,"minecraft:crafting_table":8,"minecraft:short_grass":18,"minecraft:blast_furnace":1,"minecraft:grass_block":6,"minecraft:melon":7,"minecraft:jungle_planks":2,"minecraft:chest":2,"minecraft:dead_bush":8,"minecraft:tall_grass":2,"minecraft:sugar_cane":10,"minecraft:oak_planks":3,"minecraft:composter":4,"minecraft:hay_block":29,"minecraft:cactus":6,"minecraft:barrel":1,"minecraft:fire":7,"minecraft:wheat":28,"minecraft:spruce_log":1,"minecraft:pumpkin":23,"minecraft:tnt":9,"minecraft:fletching_table":1,"minecraft:oak_log":4,"minecraft:sand":36,"minecraft:stone":10,"minecraft:oak_leaves":9},"minecraft:custom":{"minecraft:mob_kills":6,"minecraft:interact_with_crafting_table":9,"minecraft:open_barrel":1,"minecraft:leave_game":2,"minecraft:time_since_death":52953,"minecraft:sleep_in_bed":4,"minecraft:climb_one_cm":816,"minecraft:time_since_rest":875,"minecraft:sprint_one_cm":139551,"minecraft:damage_taken":513,"minecraft:walk_one_cm":49937,"minecraft:damage_blocked_by_shield":50,"minecraft:drop":21,"minecraft:damage_dealt":1891,"minecraft:swim_one_cm":6841,"minecraft:talked_to_villager":1,"minecraft:fly_one_cm":274446,"minecraft:open_chest":23,"minecraft:crouch_one_cm":1471,"minecraft:play_time":52953,"minecraft:sneak_time":1032,"minecraft:walk_under_water_one_cm":2851,"minecraft:boat_one_cm":66133,"minecraft:jump":970,"minecraft:walk_on_water_one_cm":15714,"minecraft:total_world_time":52953,"minecraft:fall_one_cm":14282,"minecraft:horse_one_cm":455676},"minecraft:dropped":{"minecraft:stone_axe":1,"minecraft:wheat_seeds":103,"minecraft:stone_sword":1,"minecraft:wheat":2,"minecraft:rotten_flesh":2,"minecraft:book":2,"minecraft:stick":3,"minecraft:filled_map":1,"minecraft:dirt":1,"minecraft:potato":6,"minecraft:leather_leggings":1,"minecraft:barrel":1,"minecraft:sand":1,"minecraft:wooden_pickaxe":1,"minecraft:stone_pickaxe":1},"minecraft:crafted":{"minecraft:oak_planks":16,"minecraft:wooden_pickaxe":1,"minecraft:bucket":1,"minecraft:stone_axe":1,"minecraft:bread":17,"minecraft:oak_boat":1,"minecraft:shield":1,"minecraft:stick":4,"minecraft:stone_pickaxe":1,"minecraft:stone_sword":1,"minecraft:wheat":27},"minecraft:used":{"minecraft:wheat_seeds":28,"minecraft:water_bucket":6,"minecraft:stone_sword":38,"minecraft:stone_pickaxe":6,"minecraft:oak_planks":3,"minecraft:shield":2,"minecraft:chest":2,"minecraft:wooden_pickaxe":7,"minecraft:rotten_flesh":4,"minecraft:sand":12,"minecraft:crafting_table":8,"minecraft:red_bed":5,"minecraft:blast_furnace":1,"minecraft:bread":14,"minecraft:map":1,"minecraft:stone_axe":49,"minecraft:smithing_table":1,"minecraft:bucket":7,"minecraft:oak_boat":2}},"DataVersion":3953}