{"stats":{"minecraft:mined":{"minecraft:red_bed":3,"minecraft:brewing_stand":2,"minecraft:crafting_table":7,"minecraft:short_grass":5,"minecraft:melon":7,"minecraft:jungle_planks":2,"minecraft:dead_bush":8,"minecraft:composter":2,"minecraft:sugar_cane":10,"minecraft:oak_planks":3,"minecraft:hay_block":3,"minecraft:cactus":6,"minecraft:wheat":28,"minecraft:fire":6,"minecraft:barrel":1,"minecraft:spruce_log":1,"minecraft:pumpkin":23,"minecraft:tnt":9,"minecraft:fletching_table":1,"minecraft:oak_log":4,"minecraft:sand":36,"minecraft:stone":10,"minecraft:oak_leaves":2},"minecraft:crafted":{"minecraft:oak_planks":16,"minecraft:wooden_pickaxe":1,"minecraft:bucket":1,"minecraft:stone_axe":1,"minecraft:bread":17,"minecraft:oak_boat":1,"minecraft:shield":1,"minecraft:stick":4,"minecraft:stone_pickaxe":1,"minecraft:stone_sword":1,"minecraft:wheat":27},"minecraft:dropped":{"minecraft:wheat_seeds":98,"minecraft:wheat":2,"minecraft:stick":3,"minecraft:filled_map":1,"minecraft:leather_leggings":1,"minecraft:sand":1,"minecraft:wooden_pickaxe":1},"minecraft:killed":{"minecraft:iron_golem":1,"minecraft:skeleton":1,"minecraft:zombie":1},"minecraft:picked_up":{"minecraft:crafting_table":7,"minecraft:wheat":26,"minecraft:leather_leggings":1,"minecraft:oak_log":4,"minecraft:brewing_stand":2,"minecraft:red_bed":3,"minecraft:bone":1,"minecraft:wheat_seeds":126,"minecraft:iron_ingot":3,"minecraft:oak_boat":1,"minecraft:fletching_table":1,"minecraft:melon_slice":34,"minecraft:sugar_cane":21,"minecraft:oak_planks":3,"minecraft:stick":6,"minecraft:pumpkin":23,"minecraft:composter":2,"minecraft:sand":13,"minecraft:jungle_planks":2,"minecraft:barrel":1,"minecraft:tnt":9,"minecraft:cactus":8,"minecraft:rotten_flesh":2,"minecraft:hay_block":3,"minecraft:cobblestone":10},"minecraft:used":{"minecraft:wheat_seeds":28,"minecraft:water_bucket":1,"minecraft:stone_sword":23,"minecraft:stone_pickaxe":5,"minecraft:oak_planks":3,"minecraft:wooden_pickaxe":7,"minecraft:rotten_flesh":4,"minecraft:sand":12,"minecraft:crafting_table":6,"minecraft:red_bed":1,"minecraft:map":1,"minecraft:bread":7,"minecraft:stone_axe":43,"minecraft:bucket":2,"minecraft:oak_boat":2},"minecraft:custom":{"minecraft:mob_kills":3,"minecraft:interact_with_crafting_table":9,"minecraft:open_barrel":1,"minecraft:time_since_death":29945,"minecraft:sleep_in_bed":2,"minecraft:climb_one_cm":816,"minecraft:time_since_rest":4992,"minecraft:sprint_one_cm":92017,"minecraft:damage_taken":178,"minecraft:walk_one_cm":25347,"minecraft:drop":8,"minecraft:damage_dealt":1330,"minecraft:swim_one_cm":6459,"minecraft:talked_to_villager":1,"minecraft:fly_one_cm":193623,"minecraft:open_chest":15,"minecraft:crouch_one_cm":1433,"minecraft:play_time":29945,"minecraft:sneak_time":1003,"minecraft:walk_under_water_one_cm":2708,"minecraft:boat_one_cm":53505,"minecraft:jump":650,"minecraft:walk_on_water_one_cm":14362,"minecraft:total_world_time":29945,"minecraft:fall_one_cm":4728}},"DataVersion":3953}