{"stats":{"minecraft:picked_up":{"minecraft:cocoa_beans":6,"minecraft:stick":2,"minecraft:crafting_table":2,"minecraft:feather":12,"minecraft:chicken":9,"minecraft:jungle_log":57,"minecraft:potato":3,"minecraft:porkchop":9,"minecraft:oak_log":71,"minecraft:shield":1,"minecraft:carrot":7,"minecraft:dirt":1,"minecraft:wheat_seeds":33,"minecraft:hay_block":6,"minecraft:beef":2,"minecraft:melon_slice":40,"minecraft:bread":20,"minecraft:jungle_sapling":2,"minecraft:oak_sapling":3,"minecraft:sugar_cane":3,"minecraft:mutton":16,"minecraft:cobblestone":59,"minecraft:white_wool":11},"minecraft:killed":{"minecraft:sheep":11,"minecraft:pig":3,"minecraft:chicken":9,"minecraft:cow":1},"minecraft:mined":{"minecraft:hay_block":6,"minecraft:carrots":4,"minecraft:wheat":8,"minecraft:jungle_leaves":2,"minecraft:crafting_table":2,"minecraft:short_grass":125,"minecraft:potatoes":1,"minecraft:grass_block":1,"minecraft:oak_log":73,"minecraft:melon":7,"minecraft:vine":17,"minecraft:jungle_log":57,"minecraft:cobblestone":1,"minecraft:stone":58,"minecraft:sugar_cane":2,"minecraft:oak_leaves":20,"minecraft:fern":39},"minecraft:custom":{"minecraft:time_since_rest":26099,"minecraft:sprint_one_cm":67069,"minecraft:damage_taken":190,"minecraft:walk_one_cm":95545,"minecraft:mob_kills":24,"minecraft:animals_bred":1,"minecraft:damage_dealt":1629,"minecraft:interact_with_crafting_table":3,"minecraft:fly_one_cm":28251,"minecraft:open_chest":1,"minecraft:play_time":35735,"minecraft:sneak_time":9,"minecraft:walk_under_water_one_cm":11945,"minecraft:jump":339,"minecraft:leave_game":2,"minecraft:walk_on_water_one_cm":7274,"minecraft:time_since_death":35735,"minecraft:sleep_in_bed":1,"minecraft:total_world_time":35735,"minecraft:climb_one_cm":2181,"minecraft:fall_one_cm":5824},"minecraft:crafted":{"minecraft:stone_shovel":1,"minecraft:crafting_table":1,"minecraft:stick":28,"minecraft:wooden_pickaxe":1,"minecraft:stone_pickaxe":2,"minecraft:wooden_axe":1,"minecraft:stone_sword":2,"minecraft:stone_axe":3,"minecraft:bread":18,"minecraft:jungle_planks":24,"minecraft:wheat":54},"minecraft:broken":{"minecraft:wooden_axe":1,"minecraft:stone_axe":1,"minecraft:wooden_pickaxe":1},"minecraft:used":{"minecraft:jungle_sapling":1,"minecraft:wheat_seeds":10,"minecraft:wooden_axe":55,"minecraft:stone_sword":39,"minecraft:bread":3,"minecraft:wooden_pickaxe":59,"minecraft:stone_axe":162,"minecraft:cobblestone":1,"minecraft:dirt":1,"minecraft:crafting_table":2,"minecraft:oak_sapling":3,"minecraft:carrot":6}},"DataVersion":3953}