{"stats":{"minecraft:picked_up":{"minecraft:feather":4,"minecraft:chicken":4,"minecraft:jungle_log":19,"minecraft:carrot":7,"minecraft:dirt":1,"minecraft:wheat_seeds":24,"minecraft:hay_block":6,"minecraft:jungle_sapling":1,"minecraft:mutton":14,"minecraft:white_wool":10},"minecraft:killed":{"minecraft:sheep":10,"minecraft:chicken":4},"minecraft:mined":{"minecraft:hay_block":6,"minecraft:carrots":4,"minecraft:wheat":5,"minecraft:jungle_leaves":2,"minecraft:short_grass":101,"minecraft:grass_block":1,"minecraft:vine":5,"minecraft:jungle_log":19,"minecraft:fern":25},"minecraft:custom":{"minecraft:time_since_rest":8099,"minecraft:sprint_one_cm":29945,"minecraft:damage_taken":180,"minecraft:walk_one_cm":53836,"minecraft:mob_kills":14,"minecraft:animals_bred":1,"minecraft:damage_dealt":961,"minecraft:interact_with_crafting_table":1,"minecraft:fly_one_cm":10873,"minecraft:open_chest":1,"minecraft:play_time":17735,"minecraft:sneak_time":9,"minecraft:walk_under_water_one_cm":11579,"minecraft:jump":170,"minecraft:leave_game":2,"minecraft:walk_on_water_one_cm":2563,"minecraft:time_since_death":17735,"minecraft:sleep_in_bed":1,"minecraft:total_world_time":17735,"minecraft:climb_one_cm":970,"minecraft:fall_one_cm":3251},"minecraft:crafted":{"minecraft:crafting_table":1,"minecraft:stick":28,"minecraft:wooden_pickaxe":1,"minecraft:wooden_axe":1,"minecraft:jungle_planks":24,"minecraft:wheat":9},"minecraft:broken":{"minecraft:wooden_axe":1},"minecraft:used":{"minecraft:wheat_seeds":6,"minecraft:wooden_axe":55,"minecraft:crafting_table":1,"minecraft:carrot":6}},"DataVersion":3953}