{"stats":{"minecraft:picked_up":{"minecraft:cocoa_beans":9,"minecraft:crafting_table":2,"minecraft:wheat":3,"minecraft:feather":12,"minecraft:chicken":9,"minecraft:jungle_log":70,"minecraft:potato":7,"minecraft:oak_log":89,"minecraft:shield":1,"minecraft:dirt":2,"minecraft:wheat_seeds":58,"minecraft:beef":2,"minecraft:jungle_sapling":2,"minecraft:bamboo":8,"minecraft:melon_slice":40,"minecraft:sugar_cane":3,"minecraft:oak_planks":1,"minecraft:stick":2,"minecraft:gravel":16,"minecraft:porkchop":9,"minecraft:carrot":12,"minecraft:hay_block":6,"minecraft:bread":20,"minecraft:oak_sapling":3,"minecraft:mutton":16,"minecraft:white_wool":11,"minecraft:cobblestone":59},"minecraft:killed":{"minecraft:pig":3,"minecraft:sheep":11,"minecraft:chicken":9,"minecraft:cow":1},"minecraft:mined":{"minecraft:jungle_leaves":2,"minecraft:crafting_table":2,"minecraft:short_grass":206,"minecraft:grass_block":2,"minecraft:melon":7,"minecraft:jungle_log":70,"minecraft:cobblestone":1,"minecraft:sugar_cane":2,"minecraft:oak_planks":1,"minecraft:hay_block":6,"minecraft:carrots":6,"minecraft:wheat":11,"minecraft:potatoes":2,"minecraft:oak_log":90,"minecraft:vine":17,"minecraft:gravel":16,"minecraft:bamboo":2,"minecraft:stone":58,"minecraft:oak_leaves":25,"minecraft:fern":57},"minecraft:custom":{"minecraft:mob_kills":24,"minecraft:animals_bred":1,"minecraft:interact_with_crafting_table":3,"minecraft:leave_game":3,"minecraft:time_since_death":46929,"minecraft:sleep_in_bed":1,"minecraft:climb_one_cm":3305,"minecraft:time_since_rest":37293,"minecraft:sprint_one_cm":86546,"minecraft:damage_taken":210,"minecraft:walk_one_cm":143447,"minecraft:damage_dealt":1669,"minecraft:fly_one_cm":40781,"minecraft:open_chest":2,"minecraft:play_time":46929,"minecraft:sneak_time":9,"minecraft:walk_under_water_one_cm":13187,"minecraft:jump":530,"minecraft:walk_on_water_one_cm":9707,"minecraft:total_world_time":46929,"minecraft:fall_one_cm":8436},"minecraft:broken":{"minecraft:stone_axe":1,"minecraft:wooden_axe":1,"minecraft:wooden_pickaxe":1},"minecraft:crafted":{"minecraft:stone_shovel":1,"minecraft:crafting_table":1,"minecraft:wooden_pickaxe":1,"minecraft:stone_axe":3,"minecraft:bread":18,"minecraft:jungle_planks":24,"minecraft:stick":28,"minecraft:stone_pickaxe":2,"minecraft:wooden_axe":1,"minecraft:stone_sword":2,"minecraft:wheat":54},"minecraft:used":{"minecraft:wheat_seeds":10,"minecraft:stone_sword":39,"minecraft:stone_pickaxe":18,"minecraft:oak_planks":1,"minecraft:wooden_pickaxe":59,"minecraft:dirt":2,"minecraft:crafting_table":2,"minecraft:carrot":12,"minecraft:jungle_sapling":1,"minecraft:wooden_axe":55,"minecraft:bread":3,"minecraft:stone_axe":198,"minecraft:cobblestone":1,"minecraft:oak_sapling":3}},"DataVersion":3953}